Date,Open,High,Low,Close,Volume
2021-01-18 00:00,103.916,103.924,103.900,103.917,123
2021-01-18 00:01,103.917,103.931,103.904,103.931,151
2021-01-18 00:02,103.931,103.931,103.896,103.896,104
2021-01-18 00:03,103.896,103.901,103.876,103.876,152
2021-01-18 00:04,103.878,103.885,103.870,103.881,131
2021-01-18 00:05,103.882,103.888,103.876,103.877,84
2021-01-18 00:06,103.876,103.879,103.861,103.861,107
2021-01-18 00:07,103.862,103.863,103.845,103.854,97
2021-01-18 00:08,103.856,103.869,103.856,103.862,123
2021-01-18 00:09,103.862,103.868,103.860,103.867,44
2021-01-18 00:10,103.867,103.872,103.861,103.870,67
2021-01-18 00:11,103.870,103.870,103.857,103.858,55
2021-01-18 00:12,103.859,103.877,103.858,103.874,49
2021-01-18 00:13,103.876,103.885,103.856,103.856,96
2021-01-18 00:14,103.856,103.863,103.851,103.858,63
2021-01-18 00:15,103.858,103.865,103.851,103.861,103
2021-01-18 00:16,103.861,103.864,103.850,103.853,84
2021-01-18 00:17,103.853,103.854,103.851,103.852,32
2021-01-18 00:18,103.852,103.857,103.842,103.856,98
2021-01-18 00:19,103.856,103.863,103.853,103.855,54
2021-01-18 00:20,103.856,103.857,103.842,103.842,57
2021-01-18 00:21,103.841,103.846,103.827,103.828,76
2021-01-18 00:22,103.832,103.832,103.815,103.824,113
2021-01-18 00:23,103.825,103.838,103.823,103.824,58
2021-01-18 00:24,103.823,103.828,103.813,103.820,69
2021-01-18 00:25,103.819,103.822,103.796,103.801,111
2021-01-18 00:26,103.805,103.809,103.796,103.803,56
2021-01-18 00:27,103.804,103.822,103.804,103.822,54
2021-01-18 00:28,103.822,103.829,103.820,103.829,38
2021-01-18 00:29,103.828,103.834,103.823,103.832,47
2021-01-18 00:30,103.833,103.839,103.823,103.826,74
2021-01-18 00:31,103.826,103.835,103.821,103.833,92
2021-01-18 00:32,103.833,103.836,103.828,103.831,66
2021-01-18 00:33,103.831,103.835,103.829,103.831,26
2021-01-18 00:34,103.832,103.838,103.831,103.835,61
2021-01-18 00:35,103.836,103.836,103.828,103.832,68
2021-01-18 00:36,103.833,103.851,103.833,103.846,65
2021-01-18 00:37,103.845,103.845,103.829,103.834,77
2021-01-18 00:38,103.836,103.836,103.820,103.824,57
2021-01-18 00:39,103.822,103.822,103.813,103.819,63
2021-01-18 00:40,103.816,103.849,103.816,103.847,77
2021-01-18 00:41,103.846,103.851,103.841,103.847,56
2021-01-18 00:42,103.847,103.847,103.838,103.838,44
2021-01-18 00:43,103.838,103.840,103.836,103.837,19
2021-01-18 00:44,103.835,103.835,103.826,103.832,66
2021-01-18 00:45,103.831,103.834,103.830,103.834,22
2021-01-18 00:46,103.834,103.842,103.833,103.842,48
2021-01-18 00:47,103.841,103.844,103.839,103.844,23
2021-01-18 00:48,103.845,103.850,103.841,103.847,54
2021-01-18 00:49,103.845,103.854,103.842,103.846,45
2021-01-18 00:50,103.847,103.847,103.840,103.840,19
2021-01-18 00:51,103.840,103.844,103.830,103.830,46
2021-01-18 00:52,103.830,103.830,103.821,103.824,58
2021-01-18 00:53,103.823,103.844,103.823,103.843,78
2021-01-18 00:54,103.843,103.849,103.808,103.821,153
2021-01-18 00:55,103.823,103.827,103.796,103.804,143
2021-01-18 00:56,103.805,103.813,103.805,103.808,50
2021-01-18 00:57,103.808,103.811,103.804,103.808,38
2021-01-18 00:58,103.808,103.813,103.807,103.812,34
2021-01-18 00:59,103.813,103.818,103.808,103.814,34
2021-01-18 01:00,103.814,103.814,103.794,103.800,61
2021-01-18 01:01,103.799,103.829,103.799,103.826,55
2021-01-18 01:02,103.826,103.829,103.818,103.821,45
2021-01-18 01:03,103.821,103.822,103.812,103.817,64
2021-01-18 01:04,103.814,103.816,103.799,103.802,53
2021-01-18 01:05,103.802,103.813,103.800,103.805,51
2021-01-18 01:06,103.806,103.810,103.802,103.808,28
2021-01-18 01:07,103.806,103.810,103.787,103.795,78
2021-01-18 01:08,103.789,103.793,103.784,103.786,57
2021-01-18 01:09,103.785,103.785,103.761,103.779,117
2021-01-18 01:10,103.780,103.792,103.777,103.788,60
2021-01-18 01:11,103.789,103.793,103.787,103.789,38
2021-01-18 01:12,103.788,103.791,103.778,103.778,79
2021-01-18 01:13,103.779,103.783,103.774,103.775,33
2021-01-18 01:14,103.774,103.774,103.763,103.767,91
2021-01-18 01:15,103.766,103.774,103.766,103.773,79
2021-01-18 01:16,103.771,103.771,103.754,103.763,69
2021-01-18 01:17,103.762,103.768,103.758,103.760,65
2021-01-18 01:18,103.762,103.762,103.756,103.759,46
2021-01-18 01:19,103.761,103.767,103.754,103.767,71
2021-01-18 01:20,103.766,103.775,103.766,103.772,70
2021-01-18 01:21,103.771,103.774,103.771,103.773,25
2021-01-18 01:22,103.772,103.777,103.768,103.769,33
2021-01-18 01:23,103.769,103.769,103.760,103.761,45
2021-01-18 01:24,103.760,103.766,103.757,103.762,56
2021-01-18 01:25,103.762,103.762,103.744,103.747,43
2021-01-18 01:26,103.747,103.752,103.742,103.750,107
2021-01-18 01:27,103.751,103.756,103.747,103.749,113
2021-01-18 01:28,103.748,103.748,103.736,103.736,120
2021-01-18 01:29,103.735,103.741,103.728,103.738,168
2021-01-18 01:30,103.738,103.742,103.726,103.726,131
2021-01-18 01:31,103.726,103.736,103.725,103.734,108
2021-01-18 01:32,103.735,103.737,103.721,103.730,76
2021-01-18 01:33,103.728,103.728,103.716,103.716,109
2021-01-18 01:34,103.717,103.731,103.715,103.728,154
2021-01-18 01:35,103.729,103.738,103.722,103.723,216
2021-01-18 01:36,103.724,103.730,103.723,103.723,66
2021-01-18 01:37,103.724,103.726,103.717,103.717,77
2021-01-18 01:38,103.719,103.730,103.717,103.728,55
2021-01-18 01:39,103.730,103.735,103.729,103.732,45
2021-01-18 01:40,103.733,103.749,103.731,103.746,137
2021-01-18 01:41,103.749,103.752,103.732,103.736,124
2021-01-18 01:42,103.737,103.747,103.732,103.737,114
2021-01-18 01:43,103.737,103.737,103.732,103.734,43
2021-01-18 01:44,103.734,103.734,103.724,103.730,98
2021-01-18 01:45,103.730,103.732,103.724,103.724,82
2021-01-18 01:46,103.724,103.730,103.717,103.724,74
2021-01-18 01:47,103.723,103.742,103.717,103.730,108
2021-01-18 01:48,103.728,103.730,103.723,103.729,103
2021-01-18 01:49,103.728,103.728,103.723,103.725,34
2021-01-18 01:50,103.725,103.727,103.722,103.727,63
2021-01-18 01:51,103.726,103.726,103.717,103.717,81
2021-01-18 01:52,103.717,103.724,103.716,103.724,23
2021-01-18 01:53,103.724,103.733,103.724,103.730,45
2021-01-18 01:54,103.732,103.732,103.727,103.727,19
2021-01-18 01:55,103.725,103.726,103.714,103.723,75
2021-01-18 01:56,103.723,103.726,103.718,103.720,70
2021-01-18 01:57,103.720,103.720,103.705,103.705,42
2021-01-18 01:58,103.705,103.728,103.705,103.726,57
2021-01-18 01:59,103.727,103.732,103.723,103.726,81
2021-01-18 02:00,103.723,103.727,103.713,103.721,100
2021-01-18 02:01,103.721,103.724,103.711,103.711,40
2021-01-18 02:02,103.709,103.710,103.704,103.710,48
2021-01-18 02:03,103.709,103.709,103.695,103.702,112
2021-01-18 02:04,103.703,103.703,103.690,103.690,43
2021-01-18 02:05,103.690,103.702,103.689,103.701,76
2021-01-18 02:06,103.702,103.702,103.698,103.699,17
2021-01-18 02:07,103.695,103.696,103.688,103.689,55
2021-01-18 02:08,103.689,103.706,103.689,103.706,73
2021-01-18 02:09,103.704,103.706,103.698,103.706,58
2021-01-18 02:10,103.707,103.726,103.706,103.725,65
2021-01-18 02:11,103.726,103.734,103.724,103.727,55
2021-01-18 02:12,103.728,103.730,103.723,103.727,38
2021-01-18 02:13,103.727,103.732,103.718,103.722,62
2021-01-18 02:14,103.720,103.726,103.707,103.721,134
2021-01-18 02:15,103.722,103.728,103.715,103.716,72
2021-01-18 02:16,103.716,103.735,103.716,103.725,62
2021-01-18 02:17,103.724,103.736,103.716,103.720,188
2021-01-18 02:18,103.720,103.734,103.714,103.716,191
2021-01-18 02:19,103.718,103.733,103.716,103.719,189
2021-01-18 02:20,103.721,103.736,103.720,103.728,71
2021-01-18 02:21,103.728,103.739,103.723,103.727,141
2021-01-18 02:22,103.732,103.744,103.728,103.744,101
2021-01-18 02:23,103.744,103.748,103.730,103.743,137
2021-01-18 02:24,103.744,103.751,103.736,103.750,129
2021-01-18 02:25,103.749,103.749,103.733,103.741,147
2021-01-18 02:26,103.740,103.746,103.729,103.731,155
2021-01-18 02:27,103.731,103.745,103.727,103.741,193
2021-01-18 02:28,103.739,103.744,103.732,103.737,120
2021-01-18 02:29,103.738,103.748,103.734,103.743,132
2021-01-18 02:30,103.742,103.744,103.730,103.731,101
2021-01-18 02:31,103.732,103.735,103.726,103.728,59
2021-01-18 02:32,103.727,103.733,103.723,103.725,34
2021-01-18 02:33,103.723,103.725,103.719,103.725,21
2021-01-18 02:34,103.724,103.724,103.723,103.724,11
2021-01-18 02:35,103.724,103.724,103.715,103.718,16
2021-01-18 02:36,103.718,103.718,103.709,103.712,26
2021-01-18 02:37,103.712,103.712,103.704,103.705,55
2021-01-18 02:38,103.706,103.706,103.700,103.700,88
2021-01-18 02:39,103.699,103.700,103.689,103.695,196
2021-01-18 02:40,103.697,103.708,103.697,103.699,67
2021-01-18 02:41,103.699,103.706,103.695,103.704,111
2021-01-18 02:42,103.705,103.710,103.701,103.709,89
2021-01-18 02:43,103.710,103.712,103.701,103.707,38
2021-01-18 02:44,103.707,103.708,103.705,103.706,17
2021-01-18 02:45,103.707,103.710,103.705,103.706,49
2021-01-18 02:46,103.705,103.709,103.702,103.709,38
2021-01-18 02:47,103.710,103.710,103.700,103.702,37
2021-01-18 02:48,103.701,103.707,103.701,103.706,36
2021-01-18 02:49,103.707,103.712,103.703,103.707,34
2021-01-18 02:50,103.708,103.717,103.708,103.713,38
2021-01-18 02:51,103.713,103.714,103.704,103.704,40
2021-01-18 02:52,103.705,103.715,103.705,103.715,26
2021-01-18 02:53,103.714,103.717,103.707,103.713,22
2021-01-18 02:54,103.711,103.712,103.711,103.712,11
2021-01-18 02:55,103.712,103.712,103.704,103.712,46
2021-01-18 02:56,103.712,103.712,103.709,103.711,17
2021-01-18 02:57,103.711,103.716,103.710,103.712,38
2021-01-18 02:58,103.711,103.711,103.704,103.704,48
2021-01-18 02:59,103.706,103.716,103.705,103.713,79
2021-01-18 03:00,103.713,103.719,103.705,103.711,124
2021-01-18 03:01,103.711,103.725,103.709,103.718,65
2021-01-18 03:02,103.718,103.725,103.712,103.722,111
2021-01-18 03:03,103.722,103.728,103.717,103.721,68
2021-01-18 03:04,103.722,103.732,103.719,103.720,84
2021-01-18 03:05,103.722,103.732,103.722,103.725,96
2021-01-18 03:06,103.725,103.737,103.721,103.730,85
2021-01-18 03:07,103.729,103.743,103.726,103.741,105
2021-01-18 03:08,103.742,103.749,103.736,103.747,55
2021-01-18 03:09,103.745,103.750,103.736,103.746,118
2021-01-18 03:10,103.747,103.753,103.738,103.742,133
2021-01-18 03:11,103.745,103.754,103.743,103.745,101
2021-01-18 03:12,103.745,103.745,103.741,103.742,20
2021-01-18 03:14,103.741,103.741,103.735,103.736,24
2021-01-18 03:15,103.735,103.751,103.735,103.750,67
2021-01-18 03:16,103.747,103.752,103.740,103.747,109
2021-01-18 03:17,103.747,103.747,103.735,103.736,193
2021-01-18 03:18,103.736,103.750,103.736,103.741,187
2021-01-18 03:19,103.742,103.746,103.739,103.741,52
2021-01-18 03:20,103.743,103.751,103.738,103.740,144
2021-01-18 03:21,103.740,103.746,103.740,103.746,70
2021-01-18 03:22,103.745,103.755,103.744,103.750,150
2021-01-18 03:23,103.751,103.766,103.750,103.752,112
2021-01-18 03:24,103.752,103.763,103.751,103.760,67
2021-01-18 03:25,103.758,103.758,103.756,103.758,24
2021-01-18 03:26,103.757,103.757,103.745,103.745,97
2021-01-18 03:27,103.747,103.761,103.746,103.752,80
2021-01-18 03:28,103.753,103.764,103.753,103.761,37
2021-01-18 03:29,103.758,103.761,103.758,103.761,38
2021-01-18 03:30,103.761,103.771,103.761,103.768,40
2021-01-18 03:31,103.767,103.773,103.764,103.772,41
2021-01-18 03:32,103.773,103.780,103.771,103.780,35
2021-01-18 03:33,103.780,103.782,103.774,103.774,24
2021-01-18 03:34,103.772,103.772,103.767,103.769,27
2021-01-18 03:35,103.768,103.768,103.759,103.760,47
2021-01-18 03:36,103.761,103.765,103.760,103.763,29
2021-01-18 03:37,103.763,103.763,103.757,103.757,22
2021-01-18 03:38,103.756,103.757,103.752,103.755,34
2021-01-18 03:39,103.755,103.759,103.754,103.759,29
2021-01-18 03:40,103.761,103.767,103.761,103.766,12
2021-01-18 03:41,103.767,103.769,103.763,103.764,27
2021-01-18 03:42,103.763,103.765,103.762,103.764,21
2021-01-18 03:43,103.764,103.766,103.760,103.765,25
2021-01-18 03:44,103.764,103.764,103.763,103.763,4
2021-01-18 03:45,103.763,103.763,103.759,103.760,44
2021-01-18 03:46,103.759,103.764,103.759,103.763,22
2021-01-18 03:47,103.761,103.766,103.761,103.765,65
2021-01-18 03:48,103.764,103.765,103.764,103.765,9
2021-01-18 03:49,103.764,103.767,103.764,103.764,26
2021-01-18 03:50,103.765,103.770,103.765,103.766,36
2021-01-18 03:51,103.765,103.767,103.763,103.763,22
2021-01-18 03:52,103.763,103.763,103.756,103.758,18
2021-01-18 03:53,103.758,103.763,103.758,103.761,36
2021-01-18 03:54,103.761,103.761,103.760,103.760,6
2021-01-18 03:55,103.762,103.768,103.762,103.766,26
2021-01-18 03:56,103.767,103.768,103.763,103.763,22
2021-01-18 03:57,103.762,103.762,103.752,103.758,105
2021-01-18 03:58,103.754,103.754,103.746,103.753,57
2021-01-18 03:59,103.752,103.752,103.743,103.743,46
2021-01-18 04:00,103.745,103.755,103.745,103.751,37
2021-01-18 04:01,103.750,103.757,103.750,103.757,14
2021-01-18 04:02,103.757,103.763,103.757,103.760,27
2021-01-18 04:03,103.759,103.759,103.754,103.758,69
2021-01-18 04:04,103.759,103.759,103.754,103.754,41
2021-01-18 04:05,103.755,103.765,103.755,103.765,33
2021-01-18 04:06,103.765,103.768,103.758,103.761,43
2021-01-18 04:07,103.761,103.761,103.752,103.752,30
2021-01-18 04:08,103.754,103.755,103.753,103.753,11
2021-01-18 04:09,103.753,103.753,103.751,103.752,24
2021-01-18 04:10,103.751,103.753,103.747,103.751,20
2021-01-18 04:11,103.752,103.752,103.742,103.743,29
2021-01-18 04:12,103.746,103.746,103.740,103.741,31
2021-01-18 04:13,103.741,103.741,103.734,103.735,32
2021-01-18 04:14,103.735,103.735,103.731,103.733,20
2021-01-18 04:15,103.736,103.742,103.735,103.737,19
2021-01-18 04:16,103.736,103.744,103.736,103.740,26
2021-01-18 04:17,103.740,103.748,103.739,103.745,24
2021-01-18 04:18,103.744,103.748,103.744,103.748,9
2021-01-18 04:19,103.748,103.751,103.746,103.750,43
2021-01-18 04:20,103.750,103.750,103.747,103.747,14
2021-01-18 04:21,103.748,103.757,103.748,103.756,22
2021-01-18 04:22,103.756,103.756,103.749,103.750,45
2021-01-18 04:23,103.753,103.757,103.753,103.754,43
2021-01-18 04:24,103.755,103.761,103.755,103.761,69
2021-01-18 04:25,103.761,103.761,103.753,103.756,36
2021-01-18 04:26,103.756,103.756,103.743,103.747,76
2021-01-18 04:27,103.748,103.752,103.746,103.746,56
2021-01-18 04:28,103.747,103.753,103.746,103.749,13
2021-01-18 04:29,103.751,103.752,103.748,103.751,53
2021-01-18 04:30,103.752,103.755,103.748,103.750,52
2021-01-18 04:31,103.751,103.766,103.751,103.766,72
2021-01-18 04:32,103.766,103.767,103.756,103.759,59
2021-01-18 04:33,103.759,103.759,103.750,103.753,54
2021-01-18 04:34,103.752,103.752,103.747,103.748,25
2021-01-18 04:35,103.750,103.752,103.749,103.750,19
2021-01-18 04:36,103.750,103.755,103.748,103.754,31
2021-01-18 04:37,103.756,103.761,103.754,103.757,65
2021-01-18 04:38,103.759,103.759,103.753,103.758,68
2021-01-18 04:39,103.757,103.759,103.755,103.755,16
2021-01-18 04:40,103.756,103.756,103.753,103.756,26
2021-01-18 04:41,103.756,103.756,103.755,103.755,11
2021-01-18 04:42,103.758,103.762,103.758,103.760,41
2021-01-18 04:43,103.760,103.760,103.754,103.755,54
2021-01-18 04:44,103.757,103.757,103.757,103.757,1
2021-01-18 04:45,103.756,103.758,103.750,103.751,45
2021-01-18 04:46,103.749,103.750,103.744,103.745,57
2021-01-18 04:47,103.744,103.750,103.741,103.747,75
2021-01-18 04:48,103.750,103.755,103.750,103.755,23
2021-01-18 04:49,103.753,103.754,103.747,103.752,50
2021-01-18 04:50,103.753,103.755,103.751,103.755,22
2021-01-18 04:51,103.752,103.755,103.752,103.753,18
2021-01-18 04:52,103.755,103.755,103.750,103.750,9
2021-01-18 04:53,103.749,103.752,103.747,103.752,31
2021-01-18 04:54,103.752,103.752,103.745,103.745,24
2021-01-18 04:55,103.745,103.746,103.737,103.746,52
2021-01-18 04:56,103.742,103.742,103.737,103.737,19
2021-01-18 04:57,103.736,103.744,103.736,103.740,50
2021-01-18 04:58,103.739,103.745,103.737,103.741,32
2021-01-18 04:59,103.742,103.747,103.741,103.745,54
2021-01-18 05:00,103.745,103.747,103.736,103.736,39
2021-01-18 05:01,103.735,103.738,103.735,103.736,33
2021-01-18 05:02,103.736,103.740,103.734,103.734,39
2021-01-18 05:03,103.735,103.736,103.734,103.736,7
2021-01-18 05:04,103.736,103.736,103.734,103.735,24
2021-01-18 05:05,103.736,103.736,103.735,103.735,13
2021-01-18 05:06,103.736,103.742,103.736,103.741,46
2021-01-18 05:07,103.740,103.741,103.736,103.740,22
2021-01-18 05:08,103.741,103.744,103.740,103.742,12
2021-01-18 05:09,103.742,103.750,103.740,103.746,84
2021-01-18 05:10,103.745,103.747,103.737,103.737,56
2021-01-18 05:11,103.737,103.742,103.735,103.741,50
2021-01-18 05:12,103.745,103.745,103.735,103.735,49
2021-01-18 05:13,103.733,103.734,103.724,103.730,53
2021-01-18 05:14,103.730,103.730,103.710,103.714,154
2021-01-18 05:15,103.713,103.723,103.713,103.714,58
2021-01-18 05:16,103.714,103.718,103.710,103.710,51
2021-01-18 05:17,103.711,103.711,103.706,103.707,27
2021-01-18 05:18,103.706,103.710,103.704,103.709,31
2021-01-18 05:19,103.711,103.716,103.707,103.712,51
2021-01-18 05:20,103.713,103.722,103.713,103.722,61
2021-01-18 05:21,103.721,103.722,103.718,103.718,16
2021-01-18 05:22,103.717,103.725,103.716,103.725,27
2021-01-18 05:23,103.722,103.730,103.722,103.728,67
2021-01-18 05:24,103.727,103.730,103.726,103.726,29
2021-01-18 05:25,103.727,103.729,103.720,103.723,61
2021-01-18 05:26,103.721,103.722,103.717,103.718,57
2021-01-18 05:27,103.718,103.724,103.717,103.720,59
2021-01-18 05:28,103.721,103.729,103.716,103.716,47
2021-01-18 05:29,103.715,103.720,103.715,103.717,25
2021-01-18 05:30,103.716,103.722,103.715,103.719,63
2021-01-18 05:31,103.719,103.724,103.716,103.719,53
2021-01-18 05:32,103.720,103.723,103.715,103.717,75
2021-01-18 05:33,103.716,103.724,103.716,103.716,95
2021-01-18 05:34,103.716,103.725,103.716,103.719,106
2021-01-18 05:35,103.719,103.721,103.712,103.716,109
2021-01-18 05:36,103.718,103.721,103.705,103.710,146
2021-01-18 05:37,103.709,103.710,103.704,103.705,175
2021-01-18 05:38,103.704,103.707,103.695,103.700,112
2021-01-18 05:39,103.700,103.701,103.698,103.701,36
2021-01-18 05:40,103.702,103.709,103.702,103.705,26
2021-01-18 05:41,103.705,103.705,103.700,103.700,14
2021-01-18 05:42,103.701,103.708,103.701,103.701,56
2021-01-18 05:43,103.699,103.708,103.699,103.708,53
2021-01-18 05:44,103.709,103.716,103.709,103.712,85
2021-01-18 05:45,103.712,103.715,103.712,103.715,15
2021-01-18 05:46,103.715,103.715,103.710,103.711,69
2021-01-18 05:47,103.712,103.721,103.711,103.721,32
2021-01-18 05:48,103.721,103.722,103.716,103.717,17
2021-01-18 05:49,103.717,103.725,103.716,103.725,70
2021-01-18 05:50,103.724,103.728,103.721,103.728,63
2021-01-18 05:51,103.727,103.731,103.725,103.729,64
2021-01-18 05:52,103.731,103.734,103.731,103.732,15
2021-01-18 05:53,103.734,103.737,103.723,103.729,95
2021-01-18 05:54,103.730,103.733,103.726,103.733,65
2021-01-18 05:55,103.733,103.736,103.730,103.730,41
2021-01-18 05:56,103.730,103.732,103.728,103.730,28
2021-01-18 05:57,103.730,103.730,103.725,103.727,54
2021-01-18 05:58,103.726,103.733,103.725,103.728,97
2021-01-18 05:59,103.730,103.739,103.725,103.727,177
2021-01-18 06:00,103.729,103.751,103.719,103.747,163
2021-01-18 06:01,103.746,103.747,103.740,103.741,119
2021-01-18 06:02,103.741,103.743,103.738,103.741,49
2021-01-18 06:03,103.743,103.746,103.736,103.746,61
2021-01-18 06:04,103.747,103.750,103.741,103.741,59
2021-01-18 06:05,103.740,103.746,103.740,103.746,40
2021-01-18 06:06,103.745,103.750,103.738,103.748,77
2021-01-18 06:07,103.748,103.750,103.745,103.750,40
2021-01-18 06:08,103.751,103.751,103.747,103.748,19
2021-01-18 06:09,103.748,103.750,103.745,103.750,31
2021-01-18 06:10,103.751,103.754,103.746,103.751,51
2021-01-18 06:11,103.751,103.752,103.740,103.740,64
2021-01-18 06:12,103.741,103.745,103.741,103.743,55
2021-01-18 06:13,103.746,103.746,103.739,103.743,97
2021-01-18 06:14,103.744,103.750,103.744,103.745,52
2021-01-18 06:15,103.746,103.748,103.744,103.744,29
2021-01-18 06:16,103.746,103.747,103.743,103.744,77
2021-01-18 06:17,103.744,103.744,103.734,103.734,81
2021-01-18 06:18,103.734,103.740,103.732,103.739,62
2021-01-18 06:19,103.739,103.742,103.733,103.734,85
2021-01-18 06:20,103.734,103.741,103.734,103.735,63
2021-01-18 06:21,103.735,103.737,103.735,103.736,21
2021-01-18 06:22,103.734,103.744,103.734,103.744,32
2021-01-18 06:23,103.743,103.744,103.741,103.743,16
2021-01-18 06:24,103.742,103.744,103.742,103.743,26
2021-01-18 06:25,103.743,103.743,103.734,103.736,34
2021-01-18 06:26,103.734,103.748,103.734,103.743,76
2021-01-18 06:27,103.743,103.745,103.740,103.745,29
2021-01-18 06:28,103.745,103.748,103.745,103.745,22
2021-01-18 06:29,103.745,103.747,103.743,103.743,15
2021-01-18 06:30,103.741,103.741,103.738,103.739,11
2021-01-18 06:31,103.737,103.738,103.731,103.732,78
2021-01-18 06:32,103.732,103.736,103.732,103.734,26
2021-01-18 06:33,103.733,103.739,103.732,103.738,54
2021-01-18 06:34,103.738,103.739,103.738,103.739,10
2021-01-18 06:35,103.739,103.745,103.739,103.745,22
2021-01-18 06:36,103.745,103.746,103.739,103.740,63
2021-01-18 06:37,103.743,103.747,103.740,103.745,49
2021-01-18 06:38,103.745,103.745,103.745,103.745,5
2021-01-18 06:40,103.743,103.743,103.736,103.736,26
2021-01-18 06:41,103.738,103.745,103.738,103.739,31
2021-01-18 06:42,103.739,103.743,103.739,103.740,46
2021-01-18 06:43,103.743,103.744,103.739,103.741,27
2021-01-18 06:44,103.740,103.740,103.738,103.739,9
2021-01-18 06:45,103.737,103.738,103.734,103.735,22
2021-01-18 06:46,103.734,103.734,103.729,103.730,15
2021-01-18 06:47,103.731,103.733,103.729,103.729,27
2021-01-18 06:49,103.729,103.735,103.728,103.734,18
2021-01-18 06:50,103.733,103.735,103.733,103.735,7
2021-01-18 06:51,103.735,103.736,103.735,103.736,2
2021-01-18 06:52,103.733,103.733,103.729,103.732,22
2021-01-18 06:53,103.732,103.735,103.730,103.730,14
2021-01-18 06:54,103.728,103.729,103.712,103.713,75
2021-01-18 06:55,103.712,103.714,103.708,103.711,40
2021-01-18 06:56,103.711,103.716,103.704,103.707,65
2021-01-18 06:57,103.707,103.712,103.707,103.711,29
2021-01-18 06:58,103.711,103.712,103.705,103.707,38
2021-01-18 06:59,103.708,103.721,103.708,103.719,45
2021-01-18 07:00,103.720,103.723,103.715,103.718,61
2021-01-18 07:01,103.719,103.721,103.714,103.721,54
2021-01-18 07:02,103.720,103.720,103.711,103.711,46
2021-01-18 07:03,103.710,103.710,103.703,103.703,62
2021-01-18 07:04,103.703,103.712,103.701,103.709,47
2021-01-18 07:05,103.710,103.719,103.709,103.719,26
2021-01-18 07:06,103.719,103.729,103.719,103.728,64
2021-01-18 07:07,103.730,103.732,103.728,103.729,36
2021-01-18 07:08,103.729,103.730,103.721,103.730,36
2021-01-18 07:09,103.732,103.732,103.721,103.723,43
2021-01-18 07:10,103.724,103.727,103.720,103.720,39
2021-01-18 07:11,103.722,103.724,103.718,103.718,35
2021-01-18 07:12,103.718,103.718,103.713,103.715,59
2021-01-18 07:13,103.714,103.723,103.709,103.722,31
2021-01-18 07:14,103.722,103.735,103.722,103.729,58
2021-01-18 07:15,103.728,103.732,103.725,103.730,66
2021-01-18 07:16,103.731,103.731,103.728,103.728,16
2021-01-18 07:17,103.729,103.729,103.719,103.719,75
2021-01-18 07:18,103.720,103.727,103.718,103.718,55
2021-01-18 07:19,103.718,103.725,103.717,103.719,71
2021-01-18 07:20,103.719,103.722,103.719,103.720,22
2021-01-18 07:21,103.720,103.720,103.719,103.719,6
2021-01-18 07:22,103.719,103.719,103.715,103.719,28
2021-01-18 07:23,103.719,103.728,103.719,103.725,75
2021-01-18 07:24,103.723,103.736,103.719,103.736,62
2021-01-18 07:25,103.737,103.739,103.734,103.734,23
2021-01-18 07:26,103.737,103.741,103.735,103.737,64
2021-01-18 07:27,103.737,103.740,103.728,103.735,41
2021-01-18 07:28,103.738,103.741,103.731,103.732,32
2021-01-18 07:29,103.733,103.741,103.731,103.741,40
2021-01-18 07:30,103.741,103.752,103.741,103.752,68
2021-01-18 07:31,103.752,103.759,103.750,103.753,51
2021-01-18 07:32,103.753,103.756,103.751,103.753,29
2021-01-18 07:33,103.756,103.758,103.737,103.745,167
2021-01-18 07:34,103.746,103.757,103.746,103.747,114
2021-01-18 07:35,103.748,103.749,103.747,103.748,43
2021-01-18 07:36,103.745,103.748,103.742,103.747,44
2021-01-18 07:37,103.748,103.748,103.742,103.744,145
2021-01-18 07:38,103.743,103.743,103.732,103.735,60
2021-01-18 07:39,103.736,103.741,103.736,103.738,41
2021-01-18 07:40,103.739,103.741,103.737,103.737,26
2021-01-18 07:41,103.739,103.739,103.731,103.733,20
2021-01-18 07:42,103.735,103.746,103.734,103.743,42
2021-01-18 07:43,103.744,103.753,103.742,103.749,89
2021-01-18 07:44,103.748,103.752,103.746,103.747,75
2021-01-18 07:45,103.747,103.749,103.729,103.730,78
2021-01-18 07:46,103.730,103.731,103.727,103.729,59
2021-01-18 07:47,103.729,103.730,103.722,103.727,77
2021-01-18 07:48,103.726,103.731,103.722,103.726,41
2021-01-18 07:49,103.725,103.725,103.715,103.717,88
2021-01-18 07:50,103.717,103.724,103.717,103.721,60
2021-01-18 07:51,103.723,103.724,103.715,103.720,64
2021-01-18 07:52,103.720,103.724,103.716,103.721,70
2021-01-18 07:53,103.721,103.733,103.721,103.728,72
2021-01-18 07:54,103.730,103.739,103.730,103.736,63
2021-01-18 07:55,103.738,103.742,103.737,103.741,44
2021-01-18 07:56,103.741,103.743,103.740,103.743,37
2021-01-18 07:57,103.742,103.754,103.742,103.754,43
2021-01-18 07:58,103.755,103.762,103.753,103.760,90
2021-01-18 07:59,103.759,103.759,103.754,103.755,44
2021-01-18 08:00,103.757,103.772,103.757,103.762,211
2021-01-18 08:01,103.762,103.766,103.755,103.756,122
2021-01-18 08:02,103.754,103.763,103.754,103.761,118
2021-01-18 08:03,103.761,103.767,103.755,103.767,96
2021-01-18 08:04,103.767,103.775,103.766,103.772,100
2021-01-18 08:05,103.771,103.777,103.771,103.772,87
2021-01-18 08:06,103.771,103.775,103.770,103.772,74
2021-01-18 08:07,103.771,103.773,103.766,103.773,171
2021-01-18 08:08,103.773,103.776,103.768,103.774,130
2021-01-18 08:09,103.774,103.774,103.762,103.766,310
2021-01-18 08:10,103.765,103.771,103.760,103.769,183
2021-01-18 08:11,103.768,103.773,103.765,103.765,93
2021-01-18 08:12,103.764,103.772,103.764,103.767,89
2021-01-18 08:13,103.766,103.769,103.761,103.768,79
2021-01-18 08:14,103.769,103.778,103.764,103.777,95
2021-01-18 08:15,103.777,103.779,103.769,103.776,95
2021-01-18 08:16,103.777,103.783,103.776,103.782,91
2021-01-18 08:17,103.782,103.788,103.777,103.786,113
2021-01-18 08:18,103.787,103.792,103.780,103.792,126
2021-01-18 08:19,103.792,103.797,103.789,103.789,69
2021-01-18 08:20,103.790,103.792,103.783,103.787,238
2021-01-18 08:21,103.787,103.787,103.778,103.779,182
2021-01-18 08:22,103.781,103.783,103.771,103.778,330
2021-01-18 08:23,103.778,103.780,103.772,103.778,94
2021-01-18 08:24,103.778,103.781,103.776,103.776,62
2021-01-18 08:25,103.780,103.782,103.746,103.760,102
2021-01-18 08:26,103.758,103.762,103.756,103.759,151
2021-01-18 08:27,103.760,103.767,103.758,103.767,53
2021-01-18 08:28,103.766,103.766,103.757,103.761,84
2021-01-18 08:29,103.760,103.766,103.754,103.762,118
2021-01-18 08:30,103.760,103.766,103.756,103.759,107
2021-01-18 08:31,103.760,103.762,103.746,103.750,105
2021-01-18 08:32,103.750,103.753,103.746,103.747,95
2021-01-18 08:33,103.747,103.748,103.740,103.746,47
2021-01-18 08:34,103.747,103.753,103.739,103.739,75
2021-01-18 08:35,103.739,103.748,103.738,103.748,70
2021-01-18 08:36,103.747,103.753,103.747,103.751,102
2021-01-18 08:37,103.751,103.751,103.726,103.729,101
2021-01-18 08:38,103.729,103.743,103.729,103.730,64
2021-01-18 08:39,103.729,103.739,103.729,103.733,45
2021-01-18 08:40,103.734,103.742,103.734,103.739,39
2021-01-18 08:41,103.739,103.756,103.739,103.756,66
2021-01-18 08:42,103.754,103.756,103.745,103.747,42
2021-01-18 08:43,103.747,103.749,103.742,103.744,57
2021-01-18 08:44,103.742,103.749,103.738,103.749,49
2021-01-18 08:45,103.748,103.749,103.730,103.731,95
2021-01-18 08:46,103.732,103.750,103.731,103.748,31
2021-01-18 08:47,103.747,103.757,103.744,103.747,56
2021-01-18 08:48,103.748,103.756,103.747,103.755,46
2021-01-18 08:49,103.755,103.761,103.753,103.759,40
2021-01-18 08:50,103.758,103.759,103.758,103.759,5
2021-01-18 08:51,103.759,103.768,103.758,103.768,47
2021-01-18 08:52,103.768,103.768,103.762,103.762,38
2021-01-18 08:53,103.761,103.770,103.759,103.769,34
2021-01-18 08:54,103.771,103.778,103.771,103.774,44
2021-01-18 08:55,103.776,103.788,103.776,103.784,69
2021-01-18 08:56,103.786,103.786,103.778,103.780,67
2021-01-18 08:57,103.781,103.783,103.777,103.780,65
2021-01-18 08:58,103.778,103.778,103.769,103.770,49
2021-01-18 08:59,103.769,103.781,103.768,103.777,73
2021-01-18 09:00,103.776,103.782,103.776,103.782,56
2021-01-18 09:01,103.782,103.790,103.779,103.781,92
2021-01-18 09:02,103.782,103.793,103.780,103.788,168
2021-01-18 09:03,103.792,103.795,103.789,103.792,54
2021-01-18 09:04,103.791,103.797,103.787,103.796,179
2021-01-18 09:05,103.796,103.802,103.785,103.789,76
2021-01-18 09:06,103.788,103.792,103.783,103.792,79
2021-01-18 09:07,103.790,103.796,103.789,103.795,116
2021-01-18 09:08,103.795,103.800,103.793,103.795,145
2021-01-18 09:09,103.796,103.798,103.793,103.797,108
2021-01-18 09:10,103.797,103.799,103.791,103.794,62
2021-01-18 09:11,103.793,103.796,103.789,103.791,94
2021-01-18 09:12,103.790,103.792,103.789,103.792,101
2021-01-18 09:13,103.793,103.793,103.788,103.791,225
2021-01-18 09:14,103.790,103.793,103.786,103.786,169
2021-01-18 09:15,103.787,103.788,103.779,103.788,123
2021-01-18 09:16,103.788,103.791,103.773,103.777,200
2021-01-18 09:17,103.777,103.782,103.777,103.778,93
2021-01-18 09:18,103.779,103.782,103.774,103.775,53
2021-01-18 09:19,103.776,103.782,103.773,103.775,46
2021-01-18 09:20,103.775,103.784,103.774,103.778,84
2021-01-18 09:21,103.778,103.794,103.778,103.792,109
2021-01-18 09:22,103.792,103.794,103.790,103.793,74
2021-01-18 09:23,103.793,103.794,103.790,103.793,131
2021-01-18 09:24,103.793,103.798,103.793,103.798,139
2021-01-18 09:25,103.798,103.799,103.793,103.797,105
2021-01-18 09:26,103.796,103.796,103.791,103.792,79
2021-01-18 09:27,103.792,103.797,103.791,103.795,84
2021-01-18 09:28,103.793,103.799,103.793,103.799,31
2021-01-18 09:29,103.799,103.800,103.795,103.797,49
2021-01-18 09:30,103.798,103.810,103.798,103.809,32
2021-01-18 09:31,103.810,103.819,103.808,103.815,87
2021-01-18 09:32,103.816,103.821,103.813,103.821,31
2021-01-18 09:33,103.821,103.824,103.821,103.823,63
2021-01-18 09:34,103.822,103.828,103.820,103.828,42
2021-01-18 09:35,103.830,103.832,103.823,103.827,65
2021-01-18 09:36,103.826,103.827,103.821,103.827,50
2021-01-18 09:37,103.826,103.826,103.818,103.821,52
2021-01-18 09:38,103.822,103.824,103.817,103.823,104
2021-01-18 09:39,103.822,103.828,103.822,103.826,56
2021-01-18 09:40,103.826,103.831,103.825,103.830,36
2021-01-18 09:41,103.829,103.832,103.823,103.825,73
2021-01-18 09:42,103.825,103.826,103.823,103.824,66
2021-01-18 09:43,103.824,103.825,103.815,103.815,69
2021-01-18 09:44,103.816,103.821,103.813,103.821,71
2021-01-18 09:45,103.823,103.836,103.823,103.836,73
2021-01-18 09:46,103.836,103.841,103.836,103.840,103
2021-01-18 09:47,103.841,103.841,103.835,103.836,118
2021-01-18 09:48,103.836,103.836,103.822,103.825,97
2021-01-18 09:49,103.825,103.830,103.819,103.823,120
2021-01-18 09:50,103.825,103.832,103.824,103.830,69
2021-01-18 09:51,103.827,103.831,103.825,103.828,107
2021-01-18 09:52,103.829,103.829,103.826,103.828,27
2021-01-18 09:53,103.830,103.832,103.825,103.826,38
2021-01-18 09:54,103.826,103.828,103.812,103.814,95
2021-01-18 09:55,103.811,103.815,103.806,103.815,115
2021-01-18 09:56,103.815,103.819,103.814,103.814,91
2021-01-18 09:57,103.816,103.816,103.815,103.815,16
2021-01-18 09:58,103.815,103.815,103.809,103.810,41
2021-01-18 09:59,103.813,103.815,103.809,103.810,74
2021-01-18 10:00,103.811,103.813,103.805,103.806,65
2021-01-18 10:01,103.805,103.809,103.803,103.803,29
2021-01-18 10:02,103.802,103.808,103.802,103.806,56
2021-01-18 10:03,103.807,103.807,103.803,103.803,37
2021-01-18 10:04,103.803,103.803,103.788,103.796,85
2021-01-18 10:05,103.794,103.796,103.791,103.794,33
2021-01-18 10:06,103.794,103.796,103.793,103.793,23
2021-01-18 10:07,103.793,103.802,103.793,103.800,70
2021-01-18 10:08,103.799,103.803,103.794,103.794,90
2021-01-18 10:09,103.795,103.795,103.790,103.790,32
2021-01-18 10:10,103.791,103.798,103.790,103.791,54
2021-01-18 10:11,103.791,103.791,103.787,103.787,31
2021-01-18 10:12,103.785,103.786,103.778,103.778,71
2021-01-18 10:13,103.779,103.785,103.777,103.779,87
2021-01-18 10:14,103.779,103.779,103.766,103.767,107
2021-01-18 10:15,103.767,103.774,103.767,103.771,22
2021-01-18 10:16,103.771,103.771,103.764,103.766,80
2021-01-18 10:17,103.766,103.776,103.766,103.770,53
2021-01-18 10:18,103.771,103.780,103.770,103.776,39
2021-01-18 10:19,103.775,103.776,103.758,103.763,80
2021-01-18 10:20,103.763,103.769,103.762,103.767,50
2021-01-18 10:21,103.767,103.771,103.766,103.771,70
2021-01-18 10:22,103.772,103.772,103.759,103.761,92
2021-01-18 10:23,103.761,103.768,103.760,103.768,73
2021-01-18 10:24,103.768,103.782,103.767,103.781,53
2021-01-18 10:25,103.783,103.783,103.775,103.776,34
2021-01-18 10:26,103.776,103.783,103.776,103.783,35
2021-01-18 10:27,103.783,103.785,103.779,103.785,37
2021-01-18 10:28,103.785,103.791,103.785,103.788,31
2021-01-18 10:29,103.791,103.798,103.789,103.794,48
2021-01-18 10:30,103.794,103.798,103.792,103.792,81
2021-01-18 10:31,103.792,103.796,103.790,103.796,82
2021-01-18 10:32,103.795,103.798,103.794,103.796,84
2021-01-18 10:33,103.797,103.798,103.791,103.796,72
2021-01-18 10:34,103.796,103.799,103.794,103.794,78
2021-01-18 10:35,103.794,103.794,103.788,103.788,50
2021-01-18 10:36,103.788,103.792,103.788,103.791,34
2021-01-18 10:37,103.791,103.797,103.788,103.788,52
2021-01-18 10:38,103.790,103.795,103.790,103.793,44
2021-01-18 10:39,103.794,103.797,103.791,103.793,64
2021-01-18 10:40,103.791,103.799,103.791,103.794,38
2021-01-18 10:41,103.794,103.797,103.790,103.792,47
2021-01-18 10:42,103.794,103.798,103.785,103.787,73
2021-01-18 10:43,103.787,103.789,103.786,103.787,49
2021-01-18 10:44,103.788,103.789,103.786,103.786,13
2021-01-18 10:45,103.784,103.784,103.778,103.781,72
2021-01-18 10:46,103.779,103.779,103.775,103.779,33
2021-01-18 10:47,103.780,103.783,103.780,103.780,18
2021-01-18 10:48,103.779,103.783,103.779,103.783,31
2021-01-18 10:49,103.783,103.789,103.783,103.789,26
2021-01-18 10:50,103.789,103.791,103.788,103.789,22
2021-01-18 10:51,103.788,103.792,103.787,103.792,38
2021-01-18 10:52,103.791,103.793,103.790,103.793,27
2021-01-18 10:53,103.790,103.794,103.789,103.789,37
2021-01-18 10:54,103.790,103.793,103.790,103.791,31
2021-01-18 10:55,103.791,103.792,103.788,103.789,42
2021-01-18 10:56,103.790,103.794,103.785,103.785,32
2021-01-18 10:57,103.785,103.788,103.783,103.784,44
2021-01-18 10:58,103.786,103.789,103.783,103.783,54
2021-01-18 10:59,103.787,103.791,103.775,103.784,93
2021-01-18 11:00,103.784,103.784,103.775,103.782,152
2021-01-18 11:01,103.782,103.782,103.777,103.777,82
2021-01-18 11:02,103.777,103.780,103.773,103.775,78
2021-01-18 11:03,103.775,103.775,103.769,103.769,80
2021-01-18 11:04,103.772,103.772,103.767,103.770,41
2021-01-18 11:05,103.771,103.790,103.771,103.783,53
2021-01-18 11:06,103.784,103.785,103.776,103.781,53
2021-01-18 11:07,103.782,103.783,103.775,103.778,33
2021-01-18 11:08,103.777,103.779,103.769,103.773,35
2021-01-18 11:09,103.771,103.779,103.771,103.775,70
2021-01-18 11:10,103.776,103.780,103.765,103.767,81
2021-01-18 11:11,103.768,103.772,103.767,103.769,88
2021-01-18 11:12,103.769,103.771,103.757,103.761,112
2021-01-18 11:13,103.761,103.761,103.745,103.745,112
2021-01-18 11:14,103.746,103.754,103.744,103.752,167
2021-01-18 11:15,103.752,103.756,103.752,103.755,80
2021-01-18 11:16,103.755,103.755,103.734,103.741,162
2021-01-18 11:17,103.741,103.750,103.741,103.749,37
2021-01-18 11:18,103.749,103.755,103.748,103.750,55
2021-01-18 11:19,103.753,103.757,103.750,103.750,26
2021-01-18 11:20,103.751,103.754,103.747,103.750,57
2021-01-18 11:21,103.749,103.749,103.740,103.742,96
2021-01-18 11:22,103.743,103.752,103.739,103.751,167
2021-01-18 11:23,103.751,103.765,103.750,103.763,162
2021-01-18 11:24,103.763,103.765,103.757,103.757,20
2021-01-18 11:25,103.757,103.757,103.749,103.749,47
2021-01-18 11:26,103.750,103.755,103.749,103.753,42
2021-01-18 11:27,103.755,103.756,103.750,103.751,62
2021-01-18 11:28,103.751,103.752,103.751,103.752,5
2021-01-18 11:29,103.751,103.752,103.744,103.746,124
2021-01-18 11:30,103.747,103.758,103.745,103.751,157
2021-01-18 11:31,103.751,103.757,103.751,103.757,80
2021-01-18 11:32,103.756,103.756,103.750,103.751,75
2021-01-18 11:33,103.751,103.758,103.748,103.756,129
2021-01-18 11:34,103.756,103.757,103.753,103.755,52
2021-01-18 11:35,103.755,103.755,103.727,103.728,119
2021-01-18 11:36,103.729,103.730,103.721,103.725,166
2021-01-18 11:37,103.724,103.737,103.724,103.737,188
2021-01-18 11:38,103.736,103.736,103.731,103.734,85
2021-01-18 11:39,103.735,103.735,103.729,103.729,46
2021-01-18 11:40,103.729,103.742,103.729,103.740,52
2021-01-18 11:41,103.740,103.740,103.730,103.732,72
2021-01-18 11:42,103.732,103.734,103.726,103.726,91
2021-01-18 11:43,103.728,103.741,103.728,103.739,74
2021-01-18 11:44,103.739,103.747,103.737,103.741,63
2021-01-18 11:45,103.742,103.745,103.740,103.742,79
2021-01-18 11:46,103.743,103.746,103.742,103.746,42
2021-01-18 11:47,103.745,103.747,103.740,103.747,51
2021-01-18 11:48,103.747,103.747,103.739,103.742,103
2021-01-18 11:49,103.745,103.747,103.740,103.747,58
2021-01-18 11:50,103.748,103.750,103.745,103.748,55
2021-01-18 11:51,103.747,103.755,103.747,103.754,34
2021-01-18 11:52,103.754,103.754,103.750,103.750,40
2021-01-18 11:53,103.748,103.748,103.745,103.747,38
2021-01-18 11:54,103.747,103.752,103.745,103.752,83
2021-01-18 11:55,103.752,103.759,103.748,103.756,84
2021-01-18 11:56,103.756,103.760,103.755,103.757,62
2021-01-18 11:57,103.757,103.762,103.755,103.762,103
2021-01-18 11:58,103.762,103.776,103.762,103.771,131
2021-01-18 11:59,103.768,103.774,103.753,103.755,153
2021-01-18 12:00,103.755,103.760,103.753,103.755,36
2021-01-18 12:01,103.755,103.761,103.755,103.759,60
2021-01-18 12:02,103.759,103.759,103.743,103.750,89
2021-01-18 12:03,103.749,103.756,103.749,103.755,88
2021-01-18 12:04,103.759,103.762,103.758,103.759,51
2021-01-18 12:05,103.760,103.760,103.752,103.752,31
2021-01-18 12:06,103.752,103.763,103.750,103.763,42
2021-01-18 12:07,103.759,103.762,103.757,103.761,31
2021-01-18 12:08,103.759,103.765,103.759,103.765,44
2021-01-18 12:09,103.766,103.767,103.764,103.764,22
2021-01-18 12:10,103.763,103.763,103.758,103.761,45
2021-01-18 12:11,103.759,103.759,103.749,103.749,37
2021-01-18 12:12,103.750,103.760,103.749,103.758,67
2021-01-18 12:13,103.759,103.761,103.756,103.756,47
2021-01-18 12:14,103.757,103.760,103.756,103.760,32
2021-01-18 12:15,103.757,103.763,103.755,103.763,73
2021-01-18 12:16,103.762,103.765,103.759,103.761,41
2021-01-18 12:17,103.760,103.764,103.759,103.761,77
2021-01-18 12:18,103.760,103.762,103.760,103.762,14
2021-01-18 12:19,103.762,103.774,103.762,103.774,19
2021-01-18 12:20,103.772,103.772,103.767,103.768,10
2021-01-18 12:21,103.768,103.770,103.767,103.768,24
2021-01-18 12:22,103.768,103.774,103.767,103.767,80
2021-01-18 12:23,103.767,103.772,103.766,103.770,81
2021-01-18 12:24,103.770,103.770,103.761,103.763,65
2021-01-18 12:25,103.762,103.762,103.756,103.760,43
2021-01-18 12:26,103.761,103.772,103.761,103.771,71
2021-01-18 12:27,103.772,103.776,103.769,103.770,93
2021-01-18 12:28,103.771,103.771,103.767,103.767,38
2021-01-18 12:29,103.768,103.771,103.766,103.771,21
2021-01-18 12:30,103.770,103.770,103.768,103.769,26
2021-01-18 12:31,103.770,103.770,103.770,103.770,11
2021-01-18 12:32,103.770,103.774,103.770,103.772,23
2021-01-18 12:33,103.773,103.780,103.773,103.778,61
2021-01-18 12:34,103.778,103.779,103.773,103.779,29
2021-01-18 12:35,103.778,103.778,103.766,103.766,46
2021-01-18 12:36,103.766,103.771,103.766,103.770,36
2021-01-18 12:37,103.768,103.769,103.765,103.766,51
2021-01-18 12:38,103.766,103.768,103.764,103.768,25
2021-01-18 12:39,103.768,103.782,103.766,103.782,64
2021-01-18 12:40,103.782,103.782,103.770,103.771,42
2021-01-18 12:41,103.769,103.771,103.767,103.768,38
2021-01-18 12:42,103.768,103.771,103.768,103.771,10
2021-01-18 12:43,103.771,103.775,103.770,103.773,32
2021-01-18 12:44,103.774,103.786,103.774,103.785,29
2021-01-18 12:45,103.784,103.784,103.775,103.775,64
2021-01-18 12:46,103.773,103.774,103.769,103.769,107
2021-01-18 12:47,103.770,103.774,103.770,103.773,40
2021-01-18 12:48,103.772,103.776,103.769,103.769,80
2021-01-18 12:49,103.769,103.769,103.764,103.767,79
2021-01-18 12:50,103.768,103.770,103.763,103.763,66
2021-01-18 12:51,103.760,103.760,103.758,103.759,75
2021-01-18 12:52,103.761,103.768,103.760,103.767,90
2021-01-18 12:53,103.766,103.766,103.765,103.765,7
2021-01-18 12:54,103.764,103.764,103.750,103.759,70
2021-01-18 12:55,103.759,103.762,103.757,103.761,46
2021-01-18 12:56,103.761,103.770,103.760,103.770,88
2021-01-18 12:57,103.768,103.785,103.768,103.783,82
2021-01-18 12:58,103.782,103.782,103.774,103.775,55
2021-01-18 12:59,103.773,103.775,103.770,103.770,60
2021-01-18 13:00,103.770,103.773,103.760,103.760,147
2021-01-18 13:01,103.761,103.763,103.755,103.758,94
2021-01-18 13:02,103.759,103.776,103.759,103.776,37
2021-01-18 13:03,103.776,103.782,103.770,103.778,49
2021-01-18 13:04,103.778,103.778,103.768,103.770,64
2021-01-18 13:05,103.773,103.774,103.764,103.765,50
2021-01-18 13:06,103.764,103.770,103.760,103.761,81
2021-01-18 13:07,103.763,103.769,103.763,103.768,50
2021-01-18 13:08,103.770,103.771,103.768,103.770,9
2021-01-18 13:09,103.772,103.775,103.769,103.774,51
2021-01-18 13:10,103.775,103.775,103.767,103.767,65
2021-01-18 13:11,103.767,103.770,103.764,103.770,23
2021-01-18 13:12,103.770,103.773,103.769,103.771,30
2021-01-18 13:13,103.769,103.769,103.766,103.766,24
2021-01-18 13:14,103.766,103.767,103.764,103.764,27
2021-01-18 13:15,103.766,103.767,103.760,103.760,44
2021-01-18 13:16,103.759,103.763,103.757,103.763,29
2021-01-18 13:17,103.761,103.762,103.756,103.759,46
2021-01-18 13:18,103.758,103.764,103.758,103.761,93
2021-01-18 13:19,103.762,103.765,103.760,103.762,69
2021-01-18 13:20,103.762,103.762,103.737,103.738,141
2021-01-18 13:21,103.739,103.739,103.732,103.736,49
2021-01-18 13:22,103.738,103.746,103.738,103.745,29
2021-01-18 13:23,103.746,103.749,103.743,103.749,79
2021-01-18 13:24,103.747,103.748,103.743,103.746,42
2021-01-18 13:25,103.746,103.752,103.743,103.749,44
2021-01-18 13:26,103.749,103.749,103.746,103.748,43
2021-01-18 13:27,103.749,103.753,103.747,103.747,54
2021-01-18 13:28,103.748,103.750,103.748,103.748,44
2021-01-18 13:29,103.748,103.753,103.746,103.750,90
2021-01-18 13:30,103.750,103.750,103.745,103.749,71
2021-01-18 13:31,103.749,103.751,103.744,103.749,36
2021-01-18 13:32,103.747,103.747,103.737,103.738,57
2021-01-18 13:33,103.740,103.745,103.738,103.743,109
2021-01-18 13:34,103.740,103.742,103.735,103.742,68
2021-01-18 13:35,103.742,103.742,103.733,103.736,62
2021-01-18 13:36,103.735,103.736,103.732,103.736,88
2021-01-18 13:37,103.737,103.741,103.737,103.740,108
2021-01-18 13:38,103.740,103.742,103.734,103.742,147
2021-01-18 13:39,103.740,103.743,103.738,103.741,24
2021-01-18 13:40,103.742,103.754,103.742,103.751,50
2021-01-18 13:41,103.751,103.760,103.746,103.760,78
2021-01-18 13:42,103.760,103.765,103.757,103.759,55
2021-01-18 13:43,103.758,103.763,103.757,103.758,60
2021-01-18 13:44,103.758,103.763,103.757,103.762,48
2021-01-18 13:45,103.763,103.764,103.754,103.760,141
2021-01-18 13:46,103.761,103.766,103.753,103.755,134
2021-01-18 13:47,103.755,103.758,103.753,103.754,78
2021-01-18 13:48,103.754,103.762,103.754,103.760,103
2021-01-18 13:49,103.759,103.759,103.750,103.750,39
2021-01-18 13:50,103.751,103.753,103.748,103.751,37
2021-01-18 13:51,103.750,103.750,103.748,103.750,15
2021-01-18 13:52,103.749,103.751,103.749,103.749,39
2021-01-18 13:53,103.749,103.752,103.746,103.751,43
2021-01-18 13:54,103.752,103.755,103.749,103.751,42
2021-01-18 13:55,103.750,103.750,103.746,103.746,38
2021-01-18 13:56,103.746,103.751,103.745,103.750,60
2021-01-18 13:57,103.751,103.753,103.740,103.740,103
2021-01-18 13:58,103.740,103.742,103.724,103.733,292
2021-01-18 13:59,103.734,103.735,103.718,103.724,184
2021-01-18 14:00,103.723,103.733,103.717,103.729,97
2021-01-18 14:01,103.728,103.736,103.721,103.736,97
2021-01-18 14:02,103.735,103.742,103.730,103.740,119
2021-01-18 14:03,103.741,103.741,103.736,103.739,57
2021-01-18 14:04,103.739,103.739,103.732,103.733,22
2021-01-18 14:05,103.736,103.740,103.732,103.735,27
2021-01-18 14:06,103.737,103.739,103.725,103.729,81
2021-01-18 14:07,103.728,103.732,103.728,103.729,121
2021-01-18 14:08,103.729,103.739,103.729,103.737,99
2021-01-18 14:09,103.738,103.738,103.728,103.729,89
2021-01-18 14:10,103.730,103.733,103.728,103.733,220
2021-01-18 14:11,103.734,103.745,103.730,103.739,115
2021-01-18 14:12,103.743,103.745,103.735,103.739,44
2021-01-18 14:13,103.738,103.745,103.732,103.744,69
2021-01-18 14:14,103.741,103.753,103.741,103.752,65
2021-01-18 14:15,103.751,103.751,103.744,103.748,32
2021-01-18 14:16,103.747,103.747,103.744,103.744,14
2021-01-18 14:17,103.746,103.750,103.744,103.747,60
2021-01-18 14:18,103.749,103.756,103.749,103.751,89
2021-01-18 14:19,103.750,103.755,103.745,103.747,55
2021-01-18 14:20,103.749,103.755,103.746,103.751,67
2021-01-18 14:21,103.751,103.754,103.743,103.744,83
2021-01-18 14:22,103.745,103.746,103.737,103.743,134
2021-01-18 14:23,103.742,103.745,103.738,103.738,73
2021-01-18 14:24,103.740,103.740,103.731,103.732,85
2021-01-18 14:25,103.732,103.739,103.732,103.736,64
2021-01-18 14:26,103.739,103.739,103.733,103.734,47
2021-01-18 14:27,103.736,103.738,103.733,103.736,40
2021-01-18 14:28,103.735,103.736,103.733,103.734,16
2021-01-18 14:29,103.732,103.736,103.732,103.734,40
2021-01-18 14:30,103.736,103.739,103.733,103.738,93
2021-01-18 14:31,103.739,103.746,103.738,103.744,86
2021-01-18 14:32,103.741,103.741,103.734,103.735,76
2021-01-18 14:33,103.736,103.738,103.730,103.730,40
2021-01-18 14:34,103.732,103.741,103.729,103.741,45
2021-01-18 14:35,103.740,103.740,103.732,103.738,68
2021-01-18 14:36,103.736,103.737,103.731,103.736,60
2021-01-18 14:37,103.737,103.741,103.734,103.739,96
2021-01-18 14:38,103.739,103.740,103.734,103.740,87
2021-01-18 14:39,103.739,103.739,103.734,103.735,37
2021-01-18 14:40,103.735,103.738,103.731,103.733,39
2021-01-18 14:41,103.731,103.734,103.727,103.734,49
2021-01-18 14:42,103.733,103.736,103.729,103.736,57
2021-01-18 14:43,103.736,103.743,103.735,103.740,67
2021-01-18 14:44,103.739,103.742,103.736,103.741,67
2021-01-18 14:45,103.740,103.740,103.733,103.734,62
2021-01-18 14:46,103.734,103.735,103.727,103.732,126
2021-01-18 14:47,103.731,103.742,103.731,103.735,126
2021-01-18 14:48,103.736,103.740,103.729,103.731,131
2021-01-18 14:49,103.731,103.736,103.723,103.727,132
2021-01-18 14:50,103.727,103.731,103.724,103.729,294
2021-01-18 14:51,103.730,103.730,103.723,103.729,59
2021-01-18 14:52,103.727,103.738,103.727,103.733,97
2021-01-18 14:53,103.732,103.734,103.725,103.729,71
2021-01-18 14:54,103.730,103.730,103.711,103.714,229
2021-01-18 14:55,103.717,103.726,103.716,103.719,149
2021-01-18 14:56,103.722,103.723,103.713,103.721,104
2021-01-18 14:57,103.721,103.721,103.714,103.719,207
2021-01-18 14:58,103.719,103.724,103.715,103.724,169
2021-01-18 14:59,103.725,103.733,103.722,103.732,94
2021-01-18 15:00,103.731,103.737,103.728,103.735,116
2021-01-18 15:01,103.734,103.738,103.731,103.736,127
2021-01-18 15:02,103.737,103.747,103.737,103.740,142
2021-01-18 15:03,103.739,103.743,103.737,103.741,90
2021-01-18 15:04,103.740,103.746,103.736,103.745,137
2021-01-18 15:05,103.746,103.748,103.740,103.744,51
2021-01-18 15:06,103.742,103.742,103.735,103.737,24
2021-01-18 15:07,103.737,103.737,103.731,103.736,54
2021-01-18 15:08,103.735,103.739,103.734,103.736,58
2021-01-18 15:09,103.736,103.737,103.735,103.735,15
2021-01-18 15:10,103.735,103.737,103.731,103.731,43
2021-01-18 15:11,103.734,103.740,103.733,103.739,47
2021-01-18 15:12,103.739,103.739,103.734,103.737,45
2021-01-18 15:13,103.738,103.738,103.733,103.733,32
2021-01-18 15:14,103.732,103.736,103.731,103.735,42
2021-01-18 15:15,103.735,103.739,103.727,103.739,54
2021-01-18 15:16,103.740,103.746,103.739,103.744,47
2021-01-18 15:17,103.742,103.744,103.740,103.744,11
2021-01-18 15:18,103.745,103.745,103.745,103.745,3
2021-01-18 15:19,103.744,103.745,103.743,103.744,18
2021-01-18 15:20,103.745,103.745,103.740,103.740,20
2021-01-18 15:21,103.740,103.742,103.735,103.742,33
2021-01-18 15:22,103.744,103.745,103.743,103.745,25
2021-01-18 15:23,103.744,103.745,103.743,103.744,18
2021-01-18 15:24,103.745,103.745,103.743,103.744,11
2021-01-18 15:26,103.744,103.745,103.739,103.740,21
2021-01-18 15:27,103.740,103.743,103.738,103.739,70
2021-01-18 15:28,103.740,103.748,103.736,103.738,134
2021-01-18 15:29,103.738,103.742,103.733,103.736,78
2021-01-18 15:30,103.737,103.737,103.729,103.732,63
2021-01-18 15:31,103.732,103.732,103.727,103.728,34
2021-01-18 15:32,103.727,103.727,103.715,103.717,102
2021-01-18 15:33,103.718,103.725,103.710,103.712,147
2021-01-18 15:34,103.711,103.712,103.699,103.701,236
2021-01-18 15:35,103.700,103.708,103.695,103.703,154
2021-01-18 15:36,103.704,103.705,103.675,103.678,243
2021-01-18 15:37,103.679,103.682,103.660,103.671,150
2021-01-18 15:38,103.670,103.673,103.660,103.661,244
2021-01-18 15:39,103.663,103.677,103.660,103.669,292
2021-01-18 15:40,103.669,103.685,103.667,103.677,43
2021-01-18 15:41,103.676,103.676,103.662,103.672,34
2021-01-18 15:42,103.673,103.682,103.662,103.682,69
2021-01-18 15:43,103.683,103.684,103.670,103.672,49
2021-01-18 15:44,103.671,103.676,103.668,103.668,19
2021-01-18 15:45,103.667,103.677,103.663,103.675,54
2021-01-18 15:46,103.675,103.689,103.675,103.686,78
2021-01-18 15:47,103.687,103.700,103.685,103.700,112
2021-01-18 15:48,103.697,103.709,103.697,103.707,86
2021-01-18 15:49,103.706,103.709,103.698,103.701,48
2021-01-18 15:50,103.700,103.700,103.689,103.689,40
2021-01-18 15:51,103.690,103.694,103.683,103.691,63
2021-01-18 15:52,103.690,103.694,103.686,103.693,51
2021-01-18 15:53,103.694,103.700,103.694,103.698,42
2021-01-18 15:54,103.694,103.694,103.681,103.685,54
2021-01-18 15:55,103.686,103.687,103.674,103.687,120
2021-01-18 15:56,103.690,103.697,103.690,103.696,38
2021-01-18 15:57,103.696,103.696,103.680,103.681,61
2021-01-18 15:58,103.681,103.692,103.680,103.691,80
2021-01-18 15:59,103.692,103.698,103.690,103.694,47
2021-01-18 16:00,103.696,103.705,103.693,103.702,116
2021-01-18 16:01,103.703,103.716,103.702,103.716,65
2021-01-18 16:02,103.715,103.716,103.713,103.715,41
2021-01-18 16:03,103.716,103.723,103.716,103.720,22
2021-01-18 16:04,103.719,103.720,103.713,103.713,13
2021-01-18 16:05,103.714,103.714,103.704,103.704,44
2021-01-18 16:06,103.705,103.705,103.702,103.703,38
2021-01-18 16:07,103.702,103.704,103.697,103.697,33
2021-01-18 16:08,103.696,103.697,103.690,103.694,71
2021-01-18 16:09,103.693,103.697,103.689,103.692,76
2021-01-18 16:10,103.691,103.695,103.688,103.695,50
2021-01-18 16:11,103.694,103.699,103.691,103.696,38
2021-01-18 16:12,103.695,103.698,103.694,103.696,31
2021-01-18 16:13,103.696,103.696,103.688,103.691,41
2021-01-18 16:14,103.690,103.695,103.690,103.691,22
2021-01-18 16:15,103.691,103.692,103.688,103.692,19
2021-01-18 16:16,103.692,103.694,103.688,103.691,30
2021-01-18 16:17,103.690,103.690,103.690,103.690,4
2021-01-18 16:18,103.690,103.690,103.680,103.681,29
2021-01-18 16:19,103.680,103.680,103.671,103.672,21
2021-01-18 16:20,103.675,103.685,103.674,103.685,21
2021-01-18 16:21,103.685,103.685,103.681,103.683,17
2021-01-18 16:22,103.681,103.681,103.680,103.680,19
2021-01-18 16:23,103.680,103.680,103.679,103.680,38
2021-01-18 16:24,103.680,103.684,103.680,103.683,37
2021-01-18 16:25,103.685,103.685,103.682,103.682,12
2021-01-18 16:26,103.682,103.682,103.670,103.670,47
2021-01-18 16:27,103.675,103.676,103.674,103.675,11
2021-01-18 16:28,103.676,103.678,103.672,103.672,18
2021-01-18 16:29,103.674,103.682,103.673,103.681,30
2021-01-18 16:30,103.681,103.681,103.679,103.681,23
2021-01-18 16:31,103.681,103.682,103.678,103.679,23
2021-01-18 16:32,103.680,103.681,103.678,103.680,33
2021-01-18 16:33,103.681,103.688,103.681,103.684,50
2021-01-18 16:34,103.682,103.687,103.680,103.682,35
2021-01-18 16:35,103.682,103.684,103.679,103.679,30
2021-01-18 16:36,103.678,103.682,103.678,103.681,28
2021-01-18 16:37,103.681,103.681,103.673,103.675,79
2021-01-18 16:38,103.675,103.677,103.674,103.674,49
2021-01-18 16:39,103.674,103.675,103.671,103.673,25
2021-01-18 16:40,103.674,103.674,103.673,103.673,10
2021-01-18 16:41,103.672,103.672,103.667,103.668,44
2021-01-18 16:42,103.668,103.671,103.668,103.668,23
2021-01-18 16:43,103.668,103.668,103.656,103.659,62
2021-01-18 16:44,103.660,103.663,103.650,103.652,180
2021-01-18 16:45,103.653,103.655,103.644,103.645,47
2021-01-18 16:46,103.644,103.646,103.637,103.638,88
2021-01-18 16:47,103.638,103.655,103.637,103.653,252
2021-01-18 16:48,103.650,103.655,103.647,103.650,75
2021-01-18 16:49,103.652,103.662,103.649,103.662,23
2021-01-18 16:50,103.663,103.675,103.663,103.667,72
2021-01-18 16:51,103.668,103.674,103.668,103.674,27
2021-01-18 16:52,103.673,103.673,103.670,103.672,13
2021-01-18 16:53,103.671,103.671,103.669,103.669,7
2021-01-18 16:54,103.671,103.671,103.666,103.666,21
2021-01-18 16:55,103.666,103.666,103.666,103.666,14
2021-01-18 16:56,103.667,103.667,103.667,103.667,1
2021-01-18 16:57,103.663,103.663,103.657,103.661,14
2021-01-18 16:58,103.662,103.666,103.662,103.666,13
2021-01-18 16:59,103.667,103.667,103.662,103.662,8
2021-01-18 17:00,103.661,103.663,103.661,103.663,4
2021-01-18 17:01,103.665,103.667,103.665,103.666,6
2021-01-18 17:02,103.665,103.665,103.658,103.658,12
2021-01-18 17:03,103.658,103.661,103.658,103.661,17
2021-01-18 17:04,103.660,103.664,103.660,103.662,27
2021-01-18 17:05,103.663,103.673,103.663,103.673,25
2021-01-18 17:06,103.672,103.672,103.670,103.671,10
2021-01-18 17:07,103.671,103.672,103.671,103.671,17
2021-01-18 17:08,103.672,103.672,103.672,103.672,5
2021-01-18 17:09,103.672,103.672,103.671,103.671,12
2021-01-18 17:10,103.670,103.670,103.670,103.670,3
2021-01-18 17:11,103.670,103.671,103.670,103.671,3
2021-01-18 17:12,103.672,103.672,103.671,103.672,4
2021-01-18 17:13,103.672,103.672,103.672,103.672,1
2021-01-18 17:14,103.673,103.679,103.673,103.678,11
2021-01-18 17:15,103.677,103.677,103.675,103.675,12
2021-01-18 17:16,103.679,103.679,103.677,103.679,19
2021-01-18 17:17,103.681,103.690,103.681,103.689,21
2021-01-18 17:18,103.689,103.692,103.689,103.692,9
2021-01-18 17:19,103.692,103.709,103.691,103.699,41
2021-01-18 17:20,103.700,103.700,103.696,103.697,24
2021-01-18 17:21,103.694,103.694,103.693,103.694,8
2021-01-18 17:22,103.694,103.700,103.694,103.700,15
2021-01-18 17:23,103.700,103.704,103.698,103.704,23
2021-01-18 17:24,103.705,103.705,103.705,103.705,1
2021-01-18 17:25,103.705,103.705,103.699,103.700,20
2021-01-18 17:26,103.700,103.700,103.700,103.700,5
2021-01-18 17:27,103.701,103.701,103.701,103.701,1
2021-01-18 17:28,103.700,103.700,103.698,103.699,16
2021-01-18 17:29,103.701,103.715,103.699,103.715,76
2021-01-18 17:30,103.714,103.716,103.713,103.716,21
2021-01-18 17:31,103.716,103.716,103.714,103.715,10
2021-01-18 17:32,103.715,103.717,103.715,103.717,6
2021-01-18 17:33,103.715,103.715,103.714,103.715,63
2021-01-18 17:34,103.715,103.715,103.713,103.713,7
2021-01-18 17:35,103.715,103.717,103.715,103.717,13
2021-01-18 17:36,103.716,103.717,103.715,103.715,12
2021-01-18 17:37,103.716,103.716,103.715,103.716,12
2021-01-18 17:38,103.716,103.716,103.715,103.715,11
2021-01-18 17:39,103.716,103.716,103.716,103.716,1
2021-01-18 17:40,103.716,103.716,103.716,103.716,3
2021-01-18 17:41,103.714,103.714,103.710,103.710,28
2021-01-18 17:42,103.711,103.711,103.709,103.709,34
2021-01-18 17:43,103.710,103.710,103.707,103.710,27
2021-01-18 17:44,103.710,103.712,103.709,103.710,15
2021-01-18 17:45,103.710,103.711,103.709,103.710,20
2021-01-18 17:46,103.710,103.710,103.706,103.706,17
2021-01-18 17:47,103.705,103.705,103.702,103.705,13
2021-01-18 17:48,103.703,103.705,103.703,103.705,18
2021-01-18 17:49,103.705,103.706,103.703,103.703,23
2021-01-18 17:50,103.703,103.704,103.702,103.704,15
2021-01-18 17:51,103.703,103.704,103.701,103.702,29
2021-01-18 17:52,103.701,103.701,103.695,103.695,14
2021-01-18 17:53,103.693,103.695,103.689,103.694,41
2021-01-18 17:54,103.696,103.702,103.696,103.702,20
2021-01-18 17:55,103.702,103.711,103.701,103.711,12
2021-01-18 17:56,103.712,103.715,103.710,103.712,27
2021-01-18 17:57,103.713,103.713,103.705,103.709,42
2021-01-18 17:58,103.710,103.710,103.706,103.709,45
2021-01-18 17:59,103.709,103.709,103.702,103.702,48
2021-01-18 18:00,103.702,103.702,103.696,103.696,34
2021-01-18 18:01,103.695,103.696,103.695,103.696,21
2021-01-18 18:02,103.696,103.696,103.695,103.696,11
2021-01-18 18:04,103.695,103.695,103.695,103.695,6
2021-01-18 18:05,103.695,103.695,103.694,103.694,9
2021-01-18 18:06,103.697,103.698,103.695,103.696,32
2021-01-18 18:07,103.696,103.697,103.696,103.697,2
2021-01-18 18:08,103.698,103.698,103.694,103.694,10
2021-01-18 18:09,103.693,103.695,103.693,103.694,11
2021-01-18 18:10,103.692,103.692,103.692,103.692,2
2021-01-18 18:11,103.693,103.693,103.692,103.693,11
2021-01-18 18:12,103.694,103.694,103.693,103.693,3
2021-01-18 18:13,103.694,103.694,103.691,103.691,7
2021-01-18 18:14,103.691,103.692,103.686,103.686,16
2021-01-18 18:15,103.686,103.689,103.682,103.682,79
2021-01-18 18:16,103.683,103.684,103.680,103.682,21
2021-01-18 18:17,103.683,103.684,103.675,103.684,200
2021-01-18 18:18,103.685,103.689,103.677,103.688,194
2021-01-18 18:19,103.688,103.691,103.687,103.690,89
2021-01-18 18:20,103.691,103.692,103.689,103.691,97
2021-01-18 18:21,103.691,103.691,103.687,103.687,117
2021-01-18 18:22,103.688,103.688,103.687,103.688,86
2021-01-18 18:23,103.688,103.689,103.686,103.687,182
2021-01-18 18:24,103.686,103.687,103.686,103.686,231
2021-01-18 18:25,103.687,103.688,103.686,103.687,70
2021-01-18 18:26,103.687,103.687,103.686,103.687,67
2021-01-18 18:27,103.687,103.688,103.686,103.687,98
2021-01-18 18:28,103.687,103.688,103.686,103.686,123
2021-01-18 18:29,103.686,103.686,103.685,103.686,41
2021-01-18 18:30,103.686,103.686,103.684,103.685,43
2021-01-18 18:31,103.685,103.685,103.684,103.685,167
2021-01-18 18:32,103.686,103.688,103.685,103.688,82
2021-01-18 18:33,103.688,103.688,103.685,103.686,75
2021-01-18 18:34,103.687,103.687,103.685,103.687,27
2021-01-18 18:35,103.687,103.688,103.687,103.688,32
2021-01-18 18:36,103.689,103.690,103.687,103.688,64
2021-01-18 18:37,103.688,103.690,103.686,103.686,109
2021-01-18 18:38,103.686,103.690,103.685,103.690,59
2021-01-18 18:39,103.690,103.691,103.688,103.691,17
2021-01-18 18:40,103.691,103.692,103.689,103.691,50
2021-01-18 18:41,103.691,103.692,103.690,103.691,21
2021-01-18 18:42,103.692,103.692,103.689,103.690,102
2021-01-18 18:43,103.691,103.691,103.689,103.689,84
2021-01-18 18:44,103.690,103.691,103.687,103.689,209
2021-01-18 18:45,103.688,103.691,103.687,103.690,271
2021-01-18 18:46,103.689,103.691,103.688,103.689,256
2021-01-18 18:47,103.688,103.690,103.687,103.689,91
2021-01-18 18:48,103.687,103.689,103.687,103.688,348
2021-01-18 18:49,103.689,103.691,103.687,103.689,337
2021-01-18 18:50,103.689,103.691,103.688,103.689,257
2021-01-18 18:51,103.688,103.690,103.688,103.689,38
2021-01-18 18:52,103.688,103.690,103.687,103.689,115
2021-01-18 18:53,103.688,103.690,103.687,103.690,164
2021-01-18 18:54,103.689,103.690,103.687,103.687,151
2021-01-18 18:55,103.688,103.691,103.687,103.688,202
2021-01-18 18:56,103.689,103.689,103.686,103.687,32
2021-01-18 18:57,103.687,103.688,103.687,103.688,12
2021-01-18 18:58,103.689,103.689,103.687,103.688,30
2021-01-18 18:59,103.689,103.690,103.689,103.690,34
2021-01-18 19:00,103.689,103.691,103.689,103.690,59
2021-01-18 19:01,103.689,103.690,103.687,103.689,18
2021-01-18 19:02,103.689,103.690,103.686,103.688,42
2021-01-18 19:03,103.687,103.687,103.674,103.683,140
2021-01-18 19:04,103.681,103.684,103.681,103.682,22
2021-01-18 19:05,103.681,103.684,103.681,103.683,35
2021-01-18 19:06,103.682,103.684,103.680,103.684,56
2021-01-18 19:07,103.683,103.684,103.682,103.684,40
2021-01-18 19:08,103.684,103.685,103.683,103.684,11
2021-01-18 19:09,103.683,103.683,103.683,103.683,1
2021-01-18 19:10,103.684,103.688,103.683,103.687,56
2021-01-18 19:11,103.687,103.687,103.687,103.687,7
2021-01-18 19:12,103.686,103.691,103.684,103.690,110
2021-01-18 19:13,103.690,103.693,103.687,103.691,68
2021-01-18 19:14,103.691,103.691,103.685,103.685,43
2021-01-18 19:15,103.685,103.686,103.683,103.686,130
2021-01-18 19:16,103.685,103.688,103.684,103.686,294
2021-01-18 19:17,103.686,103.687,103.685,103.687,344
2021-01-18 19:18,103.686,103.687,103.685,103.686,326
2021-01-18 19:19,103.685,103.686,103.682,103.683,143
2021-01-18 19:20,103.684,103.684,103.681,103.681,8
2021-01-18 19:21,103.681,103.681,103.679,103.681,11
2021-01-18 19:22,103.681,103.683,103.680,103.682,52
2021-01-18 19:23,103.681,103.684,103.680,103.682,134
2021-01-18 19:24,103.681,103.683,103.680,103.680,179
2021-01-18 19:25,103.681,103.684,103.680,103.682,144
2021-01-18 19:26,103.681,103.682,103.680,103.681,134
2021-01-18 19:27,103.680,103.682,103.680,103.682,31
2021-01-18 19:28,103.682,103.683,103.681,103.683,51
2021-01-18 19:29,103.682,103.682,103.681,103.681,37
2021-01-18 19:30,103.683,103.683,103.682,103.682,6
2021-01-18 19:31,103.684,103.684,103.682,103.682,16
2021-01-18 19:32,103.682,103.683,103.682,103.682,16
2021-01-18 19:33,103.681,103.681,103.681,103.681,6
2021-01-18 19:34,103.681,103.681,103.681,103.681,9
2021-01-18 19:35,103.681,103.682,103.681,103.682,19
2021-01-18 19:36,103.682,103.682,103.682,103.682,2
2021-01-18 19:37,103.682,103.683,103.681,103.683,17
2021-01-18 19:38,103.683,103.683,103.680,103.681,67
2021-01-18 19:39,103.681,103.683,103.680,103.682,80
2021-01-18 19:40,103.682,103.682,103.680,103.681,89
2021-01-18 19:41,103.682,103.682,103.681,103.682,56
2021-01-18 19:42,103.681,103.683,103.681,103.683,12
2021-01-18 19:43,103.683,103.683,103.680,103.682,28
2021-01-18 19:44,103.682,103.683,103.682,103.683,5
2021-01-18 19:45,103.681,103.683,103.681,103.683,14
2021-01-18 19:46,103.681,103.683,103.681,103.681,23
2021-01-18 19:47,103.681,103.683,103.681,103.682,17
2021-01-18 19:48,103.681,103.682,103.673,103.677,69
2021-01-18 19:49,103.677,103.680,103.671,103.675,140
2021-01-18 19:50,103.674,103.678,103.673,103.676,59
2021-01-18 19:51,103.676,103.680,103.672,103.678,63
2021-01-18 19:52,103.680,103.680,103.678,103.679,6
2021-01-18 19:53,103.680,103.680,103.679,103.679,20
2021-01-18 19:54,103.680,103.680,103.678,103.679,25
2021-01-18 19:55,103.678,103.680,103.678,103.679,101
2021-01-18 19:56,103.680,103.681,103.678,103.681,22
2021-01-18 19:57,103.680,103.685,103.680,103.684,80
2021-01-18 19:58,103.685,103.685,103.683,103.684,160
2021-01-18 19:59,103.684,103.684,103.681,103.684,92
2021-01-18 20:00,103.685,103.685,103.682,103.683,53
2021-01-18 20:01,103.684,103.684,103.679,103.680,76
2021-01-18 20:02,103.681,103.682,103.679,103.682,56
2021-01-18 20:03,103.683,103.683,103.681,103.683,100
2021-01-18 20:04,103.682,103.683,103.680,103.683,105
2021-01-18 20:05,103.682,103.683,103.681,103.682,206
2021-01-18 20:06,103.682,103.683,103.681,103.682,220
2021-01-18 20:07,103.683,103.683,103.681,103.682,37
2021-01-18 20:08,103.683,103.684,103.680,103.682,111
2021-01-18 20:09,103.683,103.683,103.678,103.680,110
2021-01-18 20:10,103.680,103.680,103.678,103.679,115
2021-01-18 20:11,103.680,103.688,103.680,103.687,56
2021-01-18 20:12,103.689,103.690,103.684,103.684,14
2021-01-18 20:13,103.684,103.684,103.681,103.683,11
2021-01-18 20:14,103.683,103.684,103.682,103.684,5
2021-01-18 20:15,103.684,103.684,103.681,103.684,19
2021-01-18 20:16,103.685,103.685,103.685,103.685,3
2021-01-18 20:17,103.685,103.685,103.684,103.684,3
2021-01-18 20:18,103.684,103.685,103.684,103.685,2
2021-01-18 20:19,103.684,103.684,103.683,103.683,3
2021-01-18 20:20,103.684,103.685,103.684,103.685,8
2021-01-18 20:22,103.685,103.685,103.685,103.685,2
2021-01-18 20:23,103.686,103.686,103.686,103.686,1
2021-01-18 20:24,103.687,103.687,103.686,103.687,4
2021-01-18 20:25,103.687,103.689,103.680,103.684,26
2021-01-18 20:26,103.684,103.685,103.683,103.684,7
2021-01-18 20:27,103.684,103.685,103.681,103.684,24
2021-01-18 20:28,103.685,103.686,103.685,103.686,4
2021-01-18 20:29,103.686,103.686,103.686,103.686,1
2021-01-18 20:30,103.685,103.685,103.685,103.685,5
2021-01-18 20:31,103.686,103.686,103.683,103.684,13
2021-01-18 20:33,103.685,103.689,103.684,103.688,54
2021-01-18 20:34,103.689,103.690,103.688,103.688,15
2021-01-18 20:35,103.690,103.690,103.684,103.684,19
2021-01-18 20:36,103.682,103.687,103.682,103.685,7
2021-01-18 20:37,103.685,103.685,103.684,103.684,5
2021-01-18 20:38,103.685,103.685,103.682,103.685,29
2021-01-18 20:39,103.685,103.687,103.682,103.687,29
2021-01-18 20:40,103.685,103.692,103.685,103.691,23
2021-01-18 20:41,103.690,103.690,103.683,103.685,65
2021-01-18 20:42,103.684,103.687,103.683,103.687,41
2021-01-18 20:43,103.685,103.688,103.684,103.685,44
2021-01-18 20:44,103.687,103.687,103.684,103.686,23
2021-01-18 20:45,103.687,103.687,103.680,103.682,29
2021-01-18 20:46,103.681,103.683,103.680,103.682,164
2021-01-18 20:47,103.681,103.683,103.680,103.681,355
2021-01-18 20:48,103.682,103.682,103.680,103.682,342
2021-01-18 20:49,103.682,103.682,103.680,103.681,194
2021-01-18 20:50,103.681,103.682,103.679,103.681,340
2021-01-18 20:51,103.681,103.682,103.679,103.682,245
2021-01-18 20:52,103.682,103.683,103.681,103.683,15
2021-01-18 20:53,103.681,103.682,103.680,103.681,90
2021-01-18 20:54,103.681,103.682,103.680,103.681,87
2021-01-18 20:55,103.682,103.682,103.680,103.680,80
2021-01-18 20:56,103.682,103.684,103.668,103.669,200
2021-01-18 20:57,103.669,103.677,103.654,103.672,458
2021-01-18 20:58,103.673,103.673,103.667,103.669,43
2021-01-18 20:59,103.667,103.677,103.656,103.666,491
2021-01-18 21:00,103.666,103.675,103.659,103.665,147
2021-01-18 21:01,103.666,103.675,103.662,103.667,102
2021-01-18 21:02,103.666,103.670,103.663,103.668,48
2021-01-18 21:03,103.668,103.673,103.661,103.663,21
2021-01-18 21:04,103.663,103.672,103.659,103.668,61
2021-01-18 21:05,103.668,103.672,103.668,103.672,11
2021-01-18 21:06,103.670,103.671,103.670,103.671,2
2021-01-18 21:07,103.671,103.681,103.665,103.667,117
2021-01-18 21:08,103.667,103.672,103.666,103.672,53
2021-01-18 21:09,103.671,103.692,103.666,103.679,161
2021-01-18 21:10,103.681,103.686,103.669,103.682,517
2021-01-18 21:11,103.684,103.686,103.676,103.680,355
2021-01-18 21:12,103.679,103.684,103.679,103.682,62
2021-01-18 21:14,103.682,103.685,103.679,103.684,102
2021-01-18 21:15,103.684,103.685,103.680,103.683,149
2021-01-18 21:16,103.683,103.685,103.679,103.682,230
2021-01-18 21:17,103.684,103.686,103.681,103.684,241
2021-01-18 21:18,103.685,103.686,103.680,103.684,330
2021-01-18 21:19,103.684,103.686,103.681,103.684,331
2021-01-18 21:20,103.684,103.687,103.681,103.686,237
2021-01-18 21:21,103.687,103.688,103.687,103.687,22
2021-01-18 21:22,103.688,103.688,103.688,103.688,2
2021-01-18 21:23,103.686,103.687,103.683,103.685,78
2021-01-18 21:24,103.685,103.687,103.684,103.687,133
2021-01-18 21:25,103.687,103.689,103.686,103.686,71
2021-01-18 21:26,103.686,103.689,103.685,103.687,133
2021-01-18 21:27,103.688,103.690,103.688,103.689,101
2021-01-18 21:28,103.690,103.690,103.686,103.689,202
2021-01-18 21:29,103.689,103.690,103.688,103.689,266
2021-01-18 21:30,103.690,103.692,103.685,103.688,459
2021-01-18 21:31,103.689,103.698,103.662,103.674,535
2021-01-18 21:32,103.676,103.683,103.668,103.672,487
2021-01-18 21:33,103.672,103.678,103.664,103.672,546
2021-01-18 21:34,103.672,103.689,103.664,103.682,553
2021-01-18 21:35,103.683,103.686,103.680,103.682,297
2021-01-18 21:36,103.682,103.684,103.680,103.682,115
2021-01-18 21:37,103.682,103.686,103.679,103.680,131
2021-01-18 21:38,103.683,103.685,103.658,103.669,201
2021-01-18 21:39,103.669,103.678,103.665,103.668,81
2021-01-18 21:40,103.667,103.667,103.657,103.665,221
2021-01-18 21:41,103.667,103.671,103.662,103.666,227
2021-01-18 21:42,103.664,103.666,103.664,103.666,10
2021-01-18 21:43,103.666,103.667,103.666,103.667,11
2021-01-18 21:44,103.665,103.665,103.663,103.664,9
2021-01-18 21:45,103.664,103.687,103.664,103.687,26
2021-01-18 21:46,103.687,103.687,103.682,103.683,10
2021-01-18 21:47,103.683,103.683,103.683,103.683,3
2021-01-18 21:48,103.684,103.684,103.684,103.684,9
2021-01-18 21:49,103.685,103.685,103.684,103.684,26
2021-01-18 21:50,103.680,103.683,103.679,103.683,12
2021-01-18 21:51,103.679,103.688,103.679,103.687,41
2021-01-18 21:52,103.687,103.687,103.687,103.687,2
2021-01-18 21:53,103.683,103.683,103.682,103.682,4
2021-01-18 21:54,103.686,103.686,103.685,103.686,4
2021-01-18 21:55,103.683,103.688,103.681,103.686,74
2021-01-18 21:56,103.687,103.687,103.681,103.683,181
2021-01-18 21:57,103.686,103.687,103.681,103.682,54
2021-01-18 21:58,103.685,103.691,103.684,103.689,124
2021-01-18 21:59,103.688,103.689,103.684,103.684,23
2021-01-18 22:00,103.686,103.689,103.684,103.688,8
2021-01-18 22:01,103.687,103.687,103.687,103.687,1
2021-01-18 22:02,103.686,103.686,103.686,103.686,1
2021-01-18 22:04,103.687,103.687,103.687,103.687,2
2021-01-18 22:05,103.686,103.686,103.686,103.686,1
2021-01-18 22:06,103.686,103.687,103.686,103.687,2
2021-01-18 22:07,103.688,103.688,103.688,103.688,2
2021-01-18 22:08,103.689,103.689,103.689,103.689,2
2021-01-18 22:09,103.688,103.688,103.688,103.688,1
2021-01-18 22:10,103.688,103.688,103.688,103.688,1
2021-01-18 22:11,103.689,103.689,103.689,103.689,1
2021-01-18 22:12,103.690,103.690,103.690,103.690,2
2021-01-18 22:13,103.690,103.690,103.690,103.690,1
2021-01-18 22:14,103.690,103.690,103.690,103.690,2
2021-01-18 22:15,103.690,103.690,103.690,103.690,1
2021-01-18 22:16,103.690,103.712,103.684,103.691,9
2021-01-18 22:17,103.708,103.708,103.708,103.708,1
2021-01-18 22:18,103.710,103.710,103.710,103.710,1
2021-01-18 22:19,103.698,103.698,103.698,103.698,3
2021-01-18 22:20,103.694,103.707,103.691,103.707,4
2021-01-18 22:21,103.709,103.709,103.709,103.709,1
2021-01-18 22:22,103.695,103.705,103.688,103.704,12
2021-01-18 22:23,103.706,103.706,103.706,103.706,1
2021-01-18 22:24,103.706,103.706,103.706,103.706,1
2021-01-18 22:27,103.708,103.709,103.708,103.708,5
2021-01-18 22:28,103.707,103.707,103.707,103.707,1
2021-01-18 22:29,103.708,103.708,103.708,103.708,1
2021-01-18 22:30,103.708,103.710,103.704,103.704,13
2021-01-18 22:34,103.702,103.706,103.702,103.706,8
2021-01-18 22:35,103.705,103.710,103.705,103.710,6
2021-01-18 22:37,103.710,103.710,103.710,103.710,2
2021-01-18 22:38,103.709,103.710,103.706,103.706,4
2021-01-18 22:39,103.706,103.706,103.686,103.703,6
2021-01-18 22:40,103.703,103.703,103.681,103.702,6
2021-01-18 22:42,103.701,103.701,103.700,103.701,5
2021-01-18 22:43,103.702,103.703,103.689,103.702,14
2021-01-18 22:44,103.705,103.707,103.690,103.690,9
2021-01-18 22:45,103.690,103.706,103.690,103.692,5
2021-01-18 22:46,103.692,103.703,103.691,103.692,12
2021-01-18 22:47,103.693,103.709,103.693,103.709,6
2021-01-18 22:48,103.710,103.711,103.709,103.711,6
2021-01-18 22:49,103.710,103.710,103.708,103.709,4
2021-01-18 22:50,103.709,103.710,103.690,103.690,13
2021-01-18 22:51,103.691,103.706,103.691,103.693,6
2021-01-18 22:52,103.707,103.707,103.693,103.701,10
2021-01-18 22:53,103.701,103.701,103.695,103.697,14
2021-01-18 22:54,103.695,103.698,103.689,103.695,22
2021-01-18 22:55,103.692,103.703,103.691,103.692,50
2021-01-18 22:56,103.691,103.691,103.688,103.690,8
2021-01-18 22:57,103.690,103.690,103.690,103.690,2
2021-01-18 22:58,103.691,103.691,103.691,103.691,3
2021-01-18 22:59,103.692,103.693,103.691,103.693,4
2021-01-18 23:00,103.694,103.704,103.690,103.704,150
2021-01-18 23:01,103.703,103.703,103.679,103.681,95
2021-01-18 23:02,103.682,103.685,103.679,103.682,23
2021-01-18 23:03,103.682,103.687,103.681,103.687,17
2021-01-18 23:04,103.687,103.694,103.687,103.689,25
2021-01-18 23:05,103.691,103.692,103.688,103.689,25
2021-01-18 23:06,103.691,103.692,103.686,103.686,17
2021-01-18 23:07,103.687,103.688,103.683,103.683,13
2021-01-18 23:08,103.685,103.689,103.685,103.689,8
2021-01-18 23:09,103.689,103.689,103.684,103.684,15
2021-01-18 23:10,103.683,103.683,103.682,103.683,8
2021-01-18 23:11,103.684,103.688,103.684,103.684,14
2021-01-18 23:12,103.683,103.700,103.682,103.700,26
2021-01-18 23:13,103.700,103.700,103.698,103.698,2
2021-01-18 23:14,103.700,103.700,103.698,103.698,4
2021-01-18 23:15,103.697,103.699,103.693,103.695,22
2021-01-18 23:16,103.695,103.696,103.690,103.692,17
2021-01-18 23:17,103.693,103.695,103.686,103.687,29
2021-01-18 23:18,103.687,103.689,103.686,103.688,25
2021-01-18 23:19,103.687,103.690,103.687,103.689,27
2021-01-18 23:20,103.690,103.693,103.689,103.693,15
2021-01-18 23:21,103.693,103.700,103.693,103.700,15
2021-01-18 23:22,103.700,103.700,103.694,103.695,18
2021-01-18 23:23,103.693,103.700,103.693,103.700,27
2021-01-18 23:24,103.698,103.707,103.697,103.701,28
2021-01-18 23:25,103.699,103.699,103.685,103.687,24
2021-01-18 23:26,103.687,103.687,103.685,103.685,2
2021-01-18 23:27,103.683,103.689,103.683,103.689,6
2021-01-18 23:28,103.689,103.689,103.688,103.688,5
2021-01-18 23:29,103.689,103.689,103.689,103.689,3
2021-01-18 23:30,103.689,103.689,103.682,103.682,26
2021-01-18 23:31,103.685,103.704,103.685,103.699,44
2021-01-18 23:32,103.699,103.699,103.684,103.685,75
2021-01-18 23:33,103.683,103.689,103.683,103.687,28
2021-01-18 23:34,103.688,103.702,103.688,103.697,30
2021-01-18 23:35,103.699,103.705,103.695,103.695,16
2021-01-18 23:36,103.693,103.696,103.688,103.694,28
2021-01-18 23:37,103.695,103.698,103.693,103.698,21
2021-01-18 23:38,103.695,103.696,103.694,103.694,8
2021-01-18 23:39,103.693,103.693,103.683,103.689,18
2021-01-18 23:40,103.690,103.691,103.688,103.688,12
2021-01-18 23:41,103.688,103.693,103.688,103.692,23
2021-01-18 23:42,103.692,103.698,103.692,103.698,11
2021-01-18 23:43,103.697,103.698,103.694,103.695,12
2021-01-18 23:44,103.693,103.696,103.690,103.692,30
2021-01-18 23:45,103.691,103.692,103.683,103.686,46
2021-01-18 23:46,103.686,103.691,103.682,103.689,35
2021-01-18 23:47,103.689,103.692,103.689,103.689,12
2021-01-18 23:48,103.689,103.693,103.689,103.693,8
2021-01-18 23:49,103.693,103.693,103.693,103.693,1
2021-01-18 23:50,103.693,103.693,103.693,103.693,4
2021-01-18 23:51,103.693,103.693,103.692,103.692,13
2021-01-18 23:52,103.691,103.694,103.691,103.694,5
2021-01-18 23:53,103.696,103.714,103.696,103.708,24
2021-01-18 23:54,103.709,103.721,103.709,103.713,59
2021-01-18 23:55,103.711,103.715,103.705,103.715,20
2021-01-18 23:56,103.716,103.717,103.716,103.717,4
2021-01-18 23:57,103.716,103.716,103.704,103.705,52
2021-01-18 23:58,103.705,103.705,103.705,103.705,2
2021-01-18 23:59,103.706,103.706,103.704,103.705,13
